type,baseline,llm
IBExp,"Based on your movie ratings for 'Inception (2010)', 'Inglourious Basterds (2009)', and 'Wind Rises, The (Kaze tachinu) (2013)', the movie 'Shawshank Redemption, The (1994)' is recommended to you because other users with similar preferences rated it positively.","Hey there! We noticed you enjoyed movies with deep storytelling and strong character development. That's why we think you'll love ""The Shawshank Redemption"" - it's a highly-rated drama that has been praised for its powerful performances, thoughtful direction, and emotional resonance. Many of our users with similar tastes have given it glowing reviews, so we think it's a great match for you too!"
FBExp,"The movie 'Balance (1989)' is recommended to you because you like Drama, Science Fiction, Mystery, Animation, Thriller genres, and the movie 'Balance (1989)' is similar to the ones you liked before.","We noticed that you enjoy a variety of film genres, and Balance (1989) offers a unique blend of several styles that align with your preferences. This animated drama boasts mystery, science fiction, thriller, and adventure elements, making it an ideal choice for viewers seeking a captivating story with depth and complexity."
KBExp,"The movie 'Deadpool 2' is recommended to you because you want to watch a Comedy movie, starring Brad Pitt.","Hey there, fellow moviegoer! We've got a killer recommendation for you based on your preferences! Deadpool 2 is a hilarious action-packed flick that'll tickle your funny bone and star your favorite actor, Brad Pitt. With its witty humor and high-octane action, this movie is tailor-made for fans of comedy and star-studded casts like you!"
FBExp,"The movie 'Tekkonkinkreet (Tekkon kinkurîto) (2006)' is recommended to you because you like Crime, Action, Fantasy, Animation, Adventure genres, and the movie 'Tekkonkinkreet (Tekkon kinkurîto) (2006)' is similar to the ones you liked before.","We recommend ""Tekkonkinkreet"" because it combines multiple genres you enjoy, including action, adventure, fantasy, and crime, with a unique blend of animation and thriller elements that will keep you engaged. Its captivating storyline and memorable characters make it a must-see for fans of mystery and drama."
KBExp,"The movie 'I Love You Phillip Morris' is recommended to you because you want to watch a Comedy and Romance movie, starring Jim Carrey.","Hey there! We noticed that you enjoy comedies and romantic movies, and we think you'll fall head over heels for ""I Love You Phillip Morris""! Not only does it star your favorite actor Jim Carrey, but it also delivers plenty of laughs and heartwarming moments that will leave you feeling all the feels. Give it a watch and see for yourself!"
IBExp,"Based on your movie ratings for 'Passengers (2016)', 'Ready Player One', and 'Titanic (1997)', the movie 'Shawshank Redemption, The (1994)' is recommended to you because other users with similar preferences rated it positively.","Hey there! We noticed you enjoyed movies with deep storytelling and strong character development. That's why we think you'll love ""The Shawshank Redemption"" - it's a highly-rated drama that has been praised for its powerful performances and thought-provoking themes. Many of our users with similar tastes have given it high marks, so we think it's a great fit for you too!"
IBExp,"Based on your movie ratings for 'Lord of the Rings: The Fellowship of the Ring, The (2001)', 'Interstellar (2014)', and 'Spirited Away (Sen to Chihiro no kamikakushi) (2001)', the movie 'Shawshank Redemption, The (1994)' is recommended to you because other users with similar preferences rated it positively.","Hey there! We noticed you enjoyed movies with deep storytelling and strong character development. That's why we think you'll love ""The Shawshank Redemption"" - it's a highly-rated drama that has been praised for its powerful performances, thoughtful direction, and emotional resonance. Many of our users with similar tastes have given it glowing reviews, so we think it's a great match for you too!"
IBExp,"Based on your movie ratings for 'Grand Budapest Hotel, The (2014)', 'Inception (2010)', and 'Kingsman: The Secret Service (2015)', the movie 'Pulp Fiction (1994)' is recommended to you because other users with similar preferences rated it positively.","Hey there, fellow film enthusiast! We've got a movie recommendation that's tailored just for you! Based on your viewing history and preferences, we think you'll love Quentin Tarantino's cult classic ""Pulp Fiction"" from 1994. Other users with similar tastes to yours have given it high praise, so we're confident you'll enjoy it too! The film's non-linear storytelling, witty dialogue, and memorable characters make it a true masterpiece that will keep you on the edge of your seat. Give it a try and let us know what you think!"
IBExp,"Based on your movie ratings for 'From Dusk Till Dawn (1996)', 'Star Trek: First Contact (1996)', and 'Star Wars: Episode IV - A New Hope (1977)', the movie 'Amadeus (1984)' is recommended to you because other users with similar preferences rated it positively.","We believe you'll enjoy ""Amadeus"" due to its resonance with our audience's preferences, garnering high praise from those with tastes comparable to yours. Its blend of drama and music will likely strike a chord, making it a fitting recommendation for your viewing pleasure."
KBExp,"The movie 'Isle of Dogs' is recommended to you because you want to watch an Adventure movie, starring Bryan Cranston.","Hey there, fellow movie enthusiast! We noticed you're into adventure flicks and love Bryan Cranston's acting chops, so we think you'll be howling with delight over Wes Anderson's Isle of Dogs! This stop-motion animated gem boasts a thrilling tale of canine courage, heartwarming friendships, and – you guessed it – plenty of Cranston's signature wit and charm. It's a pawsitively unforgettable experience that'll leave you barking for more!"
FBExp,"The movie 'TMNT (Teenage Mutant Ninja Turtles) (2007)' is recommended to you because you like Fantasy, Action, Animation, Comedy, Adventure, Children genres, and the movie 'TMNT (Teenage Mutant Ninja Turtles) (2007)' is similar to the ones you liked before.","Hey there! We noticed you enjoy a variety of genres, and we've got just the thing for you - Teenage Mutant Ninja Turtles (2007)! This action-packed flick checks off all your preferred genres: fantasy, adventure, animation, comedy, and children's movies. With its lighthearted tone and thrilling fight scenes, this movie will keep you entertained from start to finish. So grab some popcorn and get ready for a fun-filled ride with the Turtles!"
FBExp,"The movie 'Captain America: The First Avenger (2011)' is recommended to you because you like Action, Science Fiction, War, Thriller, Adventure genres, and the movie 'Captain America: The First Avenger (2011)' is similar to the ones you liked before.","We recommend ""Captain America: The First Avenger"" because it perfectly aligns with your preferred genres, offering an exhilarating blend of action, adventure, science fiction, thriller, and war elements that will keep you on the edge of your seat. With its well-crafted storyline and impressive visual effects, this movie is sure to provide an engaging and entertaining experience."
FBExp,"The movie 'Diary of a Country Priest (Journal d'un curé de campagne) (1951)' is recommended to you because you like Drama genre, and the movie 'Diary of a Country Priest (Journal d'un curé de campagne) (1951)' is similar to the ones you liked before.","We believe you will enjoy ""Diary of a Country Priest"" due to its thought-provoking themes and emotional depth, which align with your preference for Drama, Thriller, and Adventure movies. This French classic explores the inner struggles of a young priest in rural France, offering a captivating and introspective experience."
KBExp,"The movie 'What Happened to Monday' is recommended to you because you want to watch a Science Fiction, Mystery, and Action movie, starring Willem Dafoe.","Hey there! We noticed that you enjoy Science Fiction, Mystery, and Action movies, just like What Happened to Monday! This thrilling film features Willem Dafoe, one of your preferred actors, in a gripping story that'll keep you on the edge of your seat. With its mind-bending plot and heart-pumping action sequences, we think you'll love this flick!"
KBExp,"The movie 'The Post' is recommended to you because you want to watch a Drama and History movie, directed by Steven Spielberg.","We believe you will enjoy ""The Post"" due to its strong themes and historical context, which align with your preferred genres of Drama and History. Additionally, the film's direction by Steven Spielberg, a director you admire, ensures a high-quality viewing experience."
KBExp,"The movie 'Isle of Dogs' is recommended to you because you want to watch an Animation movie, directed by Wes Anderson, starring Bill Murray.","We see that you enjoy animation, Wes Anderson's direction, and Bill Murray's acting, so we recommend ""Isle of Dogs""! This film combines all these elements in a unique and captivating way, making it a perfect fit for your preferences. With its blend of humor, adventure, and heartwarming moments, this movie is sure to delight fans of all ages."
KBExp,"The movie 'Deadpool 2' is recommended to you because you want to watch an Action, Comedy, and Adventure movie, starring Brad Pitt.","Hey there! We noticed you're into some great stuff! Based on your preferences, we think you'll love ""Deadpool 2"" - it's got all the action, comedy, and adventure you crave, plus Brad Pitt steals the show! It's a hilarious ride that'll keep you entertained from start to finish. Give it a try and let us know what you think!"
KBExp,"The movie 'Maze Runner: The Death Cure' is recommended to you because you want to watch a Science Fiction and Adventure movie, starring Dylan O'Brien.","Hey there! We noticed that you enjoy Science Fiction and Adventure movies, just like Maze Runner: The Death Cure! This thrilling conclusion to the trilogy features your favorite actor, Dylan O'Brien, in an action-packed storyline that will keep you on the edge of your seat. With its blend of heart-pumping action and thought-provoking themes, we think this movie is perfect for fans of the genre like you!"
FBExp,"The movie 'City by the Sea (2002)' is recommended to you because you like Drama, Crime genres, and the movie 'City by the Sea (2002)' is similar to the ones you liked before.","We recommend ""City by the Sea"" (2002) due to its strong focus on crime and drama, which aligns with your preferred genres. The film's gripping storyline and intense moments will keep you on the edge of your seat, making it an ideal choice for fans of thrilling dramas."
IBExp,"Based on your movie ratings for 'Murder on the Orient Express (2017)', 'Alien (1979)', and 'Pan's Labyrinth (Laberinto del fauno, El) (2006)', the movie 'Star Wars: Episode IV - A New Hope (1977)' is recommended to you because other users with similar preferences rated it positively.","We believe you'll enjoy ""Star Wars: Episode IV - A New Hope"" due to its widespread appeal among viewers with tastes comparable to yours, earning high ratings from them. This classic space opera boasts captivating characters, thrilling action sequences, and an iconic score that will leave you on the edge of your seat."
FBExp,"The movie 'RoboCop 3 (1993)' is recommended to you because you like Crime, Action, Drama, Science Fiction, Thriller genres, and the movie 'RoboCop 3 (1993)' is similar to the ones you liked before.","We recommend RoboCop 3 (1993) to you due to its alignment with your preferred genres of Crime, Action, IMAX, Drama, Science Fiction, and Thriller. This film delivers an exhilarating blend of high-octane action sequences, gripping drama, and thought-provoking science fiction elements that will keep you on the edge of your seat. With its well-crafted storyline and impressive visuals, this movie is sure to satisfy your taste in thrilling entertainment."
IBExp,"Based on your movie ratings for 'Reservoir Dogs (1992)', 'Fight Club (1999)', 'Inception (2010)', and 'Ghost in the Shell (Kôkaku kidôtai) (1995)', the movie 'Lord of the Rings: The Fellowship of the Ring, The (2001)' is recommended to you because other users with similar preferences rated it positively.","We believe you'll enjoy ""The Lord of the Rings: The Fellowship of the Ring"" based on your viewing history and preferences. Many users with similar tastes to yours have highly rated this film, praising its epic scope, stunning visuals, and engaging storyline. It's a thrilling adventure that will transport you to Middle-earth and leave you eagerly anticipating the next installment."
IBExp,"Based on your movie ratings for 'Old Boy (2003)', 'Memories of Murder (Salinui chueok) (2003)', and 'Shin Godzilla (2016)', the movie 'Godfather, The (1972)' is recommended to you because other users with similar preferences rated it positively.","We believe you'll enjoy ""The Godfather"" based on your viewing history and preferences. Similar users with comparable tastes have highly rated this classic film, making it a fitting recommendation for you. Its captivating storyline, strong performances, and timeless themes will likely resonate with you, too."
FBExp,"The movie 'Performance (1970)' is recommended to you because you like Thriller, Drama, Crime genres, and the movie 'Performance (1970)' is similar to the ones you liked before.","We recommend ""Performance"" (1970) because it combines your preferred genres of Crime, Drama, and Thriller, offering a captivating storyline with elements of comedy and adventure. This film features a unique blend of styles, making it an ideal choice for those seeking a thought-provoking and engaging cinematic experience."
IBExp,"Based on your movie ratings for 'Avatar (2009)', 'Pirates of the Caribbean: The Curse of the Black Pearl (2003)', and 'Gods of Egypt (2016)', the movie 'Dr. Strangelove or: How I Learned to Stop Worrying and Love the Bomb (1964)' is recommended to you because other users with similar preferences rated it positively.","We believe you'll enjoy ""Dr. Strangelove"" due to its witty humor, thought-provoking themes, and critically acclaimed performances - all of which align with your preferred movie genres and styles, based on your past ratings and watch history."
KBExp,"The movie 'Avengers: Infinity War' is recommended to you because you want to watch an Adventure and Science Fiction movie, starring Samuel L. Jackson.","We see that you enjoy adventure and science fiction films, and you're a fan of Samuel L. Jackson. That's why we think you'll love ""Avengers: Infinity War""! This epic superhero movie brings together some of your favorite genre elements with Jackson in a starring role, making it a perfect fit for your viewing preferences. Get ready for an action-packed thrill ride filled with heart-pumping excitement!"
FBExp,"The movie 'Rollerball (2002)' is recommended to you because you like Science Fiction, Action genres, and the movie 'Rollerball (2002)' is similar to the ones you liked before.","We recommend ""Rollerball"" (2002) to you because it combines thrilling action with captivating science fiction elements, making it an exhilarating adventure that aligns with your preferred genres. Its fast-paced and intense action sequences will keep you on the edge of your seat, while its futuristic setting adds a unique twist to the classic sports theme. Overall, this film offers an electrifying experience that should appeal to fans of thrillers, sci-fi, and action movies alike."
IBExp,"Based on your movie ratings for 'Rock of Ages (2012)', 'Mamma Mia! (2008)', and 'Pirates of the Caribbean: The Curse of the Black Pearl (2003)', the movie 'Monty Python and the Holy Grail (1975)' is recommended to you because other users with similar preferences rated it positively.","We believe you'll enjoy ""Monty Python and the Holy Grail"" due to its witty humor, absurdity, and offbeat storyline - all of which align with your preferred film genres. Many users with comparable tastes have given it high ratings, indicating that it may be a good match for you."
IBExp,"Based on your movie ratings for 'Troy (2004)', 'Braveheart (1995)', and 'Payback (1999)', the movie 'Dr. Strangelove or: How I Learned to Stop Worrying and Love the Bomb (1964)' is recommended to you because other users with similar preferences rated it positively.","We believe you'll enjoy ""Dr. Strangelove"" due to its witty humor, thought-provoking themes, and critically acclaimed performances - all of which align with your preferred movie genres and styles, based on your past ratings and watch history."
FBExp,"The movie 'Revenant, The (2009)' is recommended to you because you like Horror, Comedy genres, and the movie 'Revenant, The (2009)' is similar to the ones you liked before.","We recommend ""The Revenant"" (2009) to you due to its blend of horror and comedy elements, which aligns with your preferences. This film will provide you with a thrilling experience that balances fear and laughter, making it an ideal choice for your viewing pleasure."
KBExp,"The movie 'The Grand Budapest Hotel' is recommended to you because you want to watch a Drama movie, directed by Wes Anderson.","We believe you will enjoy ""The Grand Budapest Hotel"" due to its strong themes and unique visual style, both of which align with your preference for Drama films and the distinctive direction of Wes Anderson."
FBExp,"The movie 'Girl Who Leapt Through Time, The (Toki o kakeru shôjo) (2006)' is recommended to you because you like Romance, Drama, Science Fiction, Animation, Comedy genres, and the movie 'Girl Who Leapt Through Time, The (Toki o kakeru shôjo) (2006)' is similar to the ones you liked before.","We recommend ""The Girl Who Leapt Through Time"" because it perfectly blends your preferred genres - fantasy, romance, drama, science fiction, and comedy - into one captivating storyline. With its beautiful animation and heartwarming characters, this film will surely delight you with its unique time-traveling adventure."
KBExp,"The movie 'The Post' is recommended to you because you want to watch a History movie, starring Tom Hanks.","We believe you will enjoy ""The Post"" due to its historical setting and strong performances by Tom Hanks, both of which align with your preferences. This gripping drama tells a powerful story of courage and freedom of the press, making it a compelling watch for fans of thoughtful entertainment."
KBExp,"The movie 'The Lego Batman Movie' is recommended to you because you want to watch an Action and Comedy movie, starring Jonah Hill.","Hey there! We noticed that you enjoy action-comedies with your favorite actor Jonah Hill, and we think The Lego Batman Movie fits the bill perfectly! This animated flick combines hilarious humor and thrilling action sequences, making it a great match for your viewing preferences. Plus, Jonah Hill's voice acting adds an extra layer of entertainment – we think you'll love it!"
KBExp,"The movie 'The Nice Guys' is recommended to you because you want to watch a Comedy and Crime movie, starring Robert Downey Jr..","Hey there! We noticed you enjoy comedy and crime movies, just like The Nice Guys! This film features not only hilarious moments but also an intriguing crime storyline with top-notch performances from Robert Downey Jr., who's known for his exceptional acting skills in both comedic and dramatic roles. So, we think this flick will be right up your alley!"
IBExp,"Based on your movie ratings for 'Mulholland Drive (2001)', 'Fall, The (2006)', 'Witness for the Prosecution (1957)', 'Black Swan (2010)', 'Psycho (1960)', and 'Only God Forgives (2013)', the movie 'Shawshank Redemption, The (1994)' is recommended to you because other users with similar preferences rated it positively.","Hey there! We noticed you enjoyed movies with deep storytelling and strong character development. That's why we think you'll love ""The Shawshank Redemption"" - it's a highly-rated drama that has been praised for its powerful performances, thoughtful direction, and emotional resonance. Many of our users with similar tastes have given it glowing reviews, so we think it's a great match for you too!"
FBExp,"The movie 'Red Cliff (Chi bi) (2008)' is recommended to you because you like War, Drama, Adventure, Action genres, and the movie 'Red Cliff (Chi bi) (2008)' is similar to the ones you liked before.","We recommend ""Red Cliff"" (Chi bi) (2008) to you due to its captivating blend of action, adventure, drama, and war elements that align with your preferred genres. This visually stunning epic features grand-scale battles, compelling characters, and a gripping storyline, making it an enthralling watch for fans of fantasy and science fiction."
FBExp,"The movie 'Princess Bride, The (1987)' is recommended to you because you like Fantasy, Action, Romance, Comedy, Adventure genres, and the movie 'Princess Bride, The (1987)' is similar to the ones you liked before.","We recommend ""The Princess Bride"" because it combines multiple genres you enjoy, including action, adventure, comedy, fantasy, and romance, making it a thrilling and entertaining film that will keep you engaged. Its lighthearted tone and memorable characters make it a timeless classic that fits your diverse tastes."
IBExp,"Based on your movie ratings for 'John Wick (2014)', 'Sister Act (1992)', and 'Saw (2004)', the movie 'Shawshank Redemption, The (1994)' is recommended to you because other users with similar preferences rated it positively.","Hey there! We noticed you enjoyed movies with deep storytelling and strong character development. That's why we think you'll love ""The Shawshank Redemption"" - it's a highly-rated drama that has been praised for its powerful performances, thoughtful direction, and emotional resonance. Many of our users with similar tastes have given it glowing reviews, so we think it's a great match for you too!"
IBExp,"Based on your movie ratings for 'L.A. Confidential (1997)', 'The Godfather Trilogy: 1972-1990 (1992)', and 'Match Point (2005)', the movie 'Boondock Saints, The (2000)' is recommended to you because other users with similar preferences rated it positively.","Hey there! We noticed you're into action-packed movies with complex characters and gritty storylines. That's why we think you'll love ""The Boondock Saints"" - it has plenty of intense scenes and memorable performances that'll keep you on the edge of your seat. Other users with similar tastes have given it high ratings, so we reckon it's a great fit for you too!"
FBExp,"The movie 'Train of Life (Train de vie) (1998)' is recommended to you because you like War, Drama, Comedy, Romance genres, and the movie 'Train of Life (Train de vie) (1998)' is similar to the ones you liked before.","We believe you will enjoy ""Train of Life"" (1998) due to its diverse blend of action, romance, drama, war, and comedy elements, which align with your preferred genres. This French film tells a captivating story of love, loss, and self-discovery set against the backdrop of World War II, making it a thought-provoking and emotionally resonant experience."
KBExp,"The movie 'La La Land' is recommended to you because you want to watch a Drama movie, directed by Damien Chazelle, starring Ryan Gosling and Emma Stone.","Hey there! We noticed that you enjoy drama movies directed by Damien Chazelle and starring Ryan Gosling and Emma Stone, just like La La Land! This critically acclaimed film perfectly aligns with your preferences, offering a captivating storyline, memorable performances, and beautiful musical numbers. We think you'll love it!"
FBExp,"The movie 'Batman v Superman: Dawn of Justice (2016)' is recommended to you because you like Science Fiction, Adventure, Action, Fantasy genres, and the movie 'Batman v Superman: Dawn of Justice (2016)' is similar to the ones you liked before.","We recommend ""Batman v Superman: Dawn of Justice"" because it aligns with your preferred genres of fantasy, action, adventure, and science fiction. This film delivers an epic battle between two iconic superheroes, packed with thrilling action sequences and stunning visual effects that will leave you on the edge of your seat. With its blend of heart-pumping excitement and thought-provoking themes, this movie promises an unforgettable cinematic experience."
IBExp,"Based on your movie ratings for 'Amazing Spider-Man, The (2012)', 'Justice League: The New Frontier (2008) ', and 'Manhattan (1979)', the movie 'Lord of the Rings: The Return of the King, The (2003)' is recommended to you because other users with similar preferences rated it positively.","We believe you'll enjoy ""The Lord of the Rings: The Return of the King"" due to its high ratings from fellow users with comparable tastes in epic fantasy and adventure films. Its sweeping landscapes, memorable characters, and emotionally resonant storylines will likely captivate and fulfill your cinematic cravings."
KBExp,"The movie 'Isle of Dogs' is recommended to you because you want to watch an Adventure movie, directed by Wes Anderson.","We see that you enjoy adventure movies and appreciate the unique style of director Wes Anderson, so we highly recommend ""Isle of Dogs"". This stop-motion animated film combines Anderson's signature quirkiness with a thrilling adventure story, making it a perfect fit for your preferences. You'll be captivated by the stunning visuals and engaging characters, ensuring an unforgettable viewing experience."
IBExp,"Based on your movie ratings for 'Lord of the Rings: The Fellowship of the Ring, The (2001)', 'Shrek the Third (2007)', and 'Minions (2015)', the movie 'Rear Window (1954)' is recommended to you because other users with similar preferences rated it positively.","Hey there, fellow movie enthusiast! We've got a gem of a recommendation for you - the classic Hitchcock thriller ""Rear Window"" from 1954. Based on your viewing history and preferences, we think you'll love this one too! Other users with tastes similar to yours have given it high marks, so we're confident you'll find it a real treat. The suspenseful plot, coupled with the iconic performances by James Stewart and Grace Kelly, make it a must-see for fans of the genre. Give it a try and let us know what you think!"
FBExp,"The movie 'Your Name. (2016)' is recommended to you because you like Drama, Fantasy, Romance, Animation genres, and the movie 'Your Name. (2016)' is similar to the ones you liked before.","We recommend ""Your Name"" (2016) because it perfectly aligns with your preferred genres, offering a captivating blend of fantasy, romance, drama, and animation that will surely delight your senses. With its beautifully crafted storyline and stunning visuals, this film is sure to leave you spellbound and emotionally invested in the lives of the characters."
KBExp,"The movie 'The Mummy' is recommended to you because you want to watch an Action and Horror movie, starring Russell Crowe.","Hey there! We noticed that you enjoy action-horror movies and appreciate the acting chops of Russell Crowe. That's why we think you'll love ""The Mummy""! This thrilling film combines heart-pumping action sequences with spine-tingling horror elements, all while showcasing Crowe's exceptional talent. Get ready for an exhilarating ride filled with non-stop adventure and suspense!"
IBExp,"Based on your movie ratings for 'Interstellar (2014)', 'Lord of the Rings: The Return of the King, The (2003)', and 'The Martian (2015)', the movie 'Shawshank Redemption, The (1994)' is recommended to you because other users with similar preferences rated it positively.","Hey there! We noticed you enjoyed movies with deep storytelling and strong character development. That's why we think you'll love ""The Shawshank Redemption"" - it's a highly-rated drama that has been praised for its powerful performances and thought-provoking themes. Many of our users with similar tastes have given it high marks, so we think it's a great fit for you too!"
FBExp,"The movie 'Pitfall (Otoshiana) (1962)' is recommended to you because you like Drama, Crime, Fantasy genres, and the movie 'Pitfall (Otoshiana) (1962)' is similar to the ones you liked before.","We noticed that you enjoy a variety of film genres, including Crime, Action, Fantasy, IMAX, Drama, Science Fiction, Thriller, and Mystery. That's why we think you'll appreciate ""Pitfall"" (Otoshiana), a captivating blend of Crime and Drama with a touch of Fantasy elements. Its intricate plot and gripping suspense will keep you on the edge of your seat, making it a perfect fit for your diverse tastes in movies."
KBExp,"The movie 'Murder on the Orient Express' is recommended to you because you want to watch a Mystery, Drama, and Crime movie, starring Willem Dafoe.","We recommend ""Murder on the Orient Express"" because it aligns with your preferred genres of Mystery, Drama, and Crime, and features one of your preferred actors, Willem Dafoe. This Agatha Christie adaptation promises a gripping whodunit experience with a star-studded cast, making it an ideal choice for fans of the genre."
FBExp,"The movie 'Star Wars: Episode VII - The Force Awakens (2015)' is recommended to you because you like Fantasy, Action, IMAX, Science Fiction, Adventure genres, and the movie 'Star Wars: Episode VII - The Force Awakens (2015)' is similar to the ones you liked before.","We recommend ""Star Wars: Episode VII - The Force Awakens"" because it perfectly aligns with your preferred genres of Fantasy, Action, IMAX, Drama, Science Fiction, and Adventure. This film delivers an exhilarating blend of heart-pumping action sequences, otherworldly fantasy elements, and awe-inspiring IMAX visuals, making it an unforgettable cinematic experience tailored to your tastes."
FBExp,"The movie 'RoboCop 2 (1990)' is recommended to you because you like Thriller, Science Fiction, Crime, Action genres, and the movie 'RoboCop 2 (1990)' is similar to the ones you liked before.","We noticed that you enjoy a variety of genres, including Crime, Action, IMAX, Science Fiction, Thriller, Mystery, Horror, and Adventure. That's why we think you'll love RoboCop 2! This sci-fi action thriller delivers non-stop excitement with its high-octane car chases, explosive gunfights, and futuristic technology. With its pulse-pounding action and gripping storyline, this movie will keep you on the edge of your seat from start to finish."
IBExp,"Based on your movie ratings for 'Forrest Gump (1994)', 'Braveheart (1995)', and 'Match Point (2005)', the movie 'Dark Knight, The (2008)' is recommended to you because other users with similar preferences rated it positively.","Hey there! We noticed you're into movies that deliver intense action and thought-provoking themes. That's why we think you'll love ""The Dark Knight"" - it has plenty of heart-pumping sequences and raises important questions about heroism, morality, and the nature of evil. Based on your viewing history, we reckon this one's a slam dunk for you!"
KBExp,"The movie 'The Holiday' is recommended to you because you want to watch a Comedy movie, starring Rufus Sewell and John Krasinski.","We see that you enjoy comedies with talented actors like Rufus Sewell and John Krasinski, and The Holiday delivers just that! With its lighthearted humor and engaging storyline, this film is sure to bring a smile to your face. Its blend of romance, drama, and comedy makes it a perfect fit for your viewing preferences."
IBExp,"Based on your movie ratings for 'Avatar (2009)', 'Wolf of Wall Street, The (2013)', 'Mission: Impossible - Rogue Nation (2015)', 'The Mummy (2017)', and 'The Revenant (2015)', the movie 'Cool Hand Luke (1967)' is recommended to you because other users with similar preferences rated it positively.","Hey there, fellow movie enthusiast! We've got a recommendation that we think you'll dig - Cool Hand Luke from 1967. Based on your viewing history and preferences, we noticed that you enjoy movies with strong characters and thought-provoking themes. Well, this classic flick delivers just that, with Paul Newman delivering a career-defining performance as the titular character. It's a gritty, emotionally charged ride that'll keep you hooked until the very end. Give it a go and let us know what you think!"
KBExp,"The movie 'Beauty and the Beast' is recommended to you because you want to watch a Family and Romance movie, starring Emma Watson.","We noticed that you enjoy family romance movies with talented actors like Emma Watson, and Beauty and the Beast fits the bill perfectly! This timeless tale of love and transformation features enchanting music, stunning visuals, and a captivating storyline that will leave you spellbound. With its classic themes and modern twists, we believe this film will resonate deeply with your tastes and preferences."
IBExp,"Based on your movie ratings for 'Titanic (1997)', 'Dirty Dancing (1987)', and 'Pretty Woman (1990)', the movie 'Matrix, The (1999)' is recommended to you because other users with similar preferences rated it positively.","Hey there! We noticed you're into sci-fi and action flicks, just like many of our other users who gave The Matrix high ratings. That's why we think this iconic film will be right up your alley - its mind-bending storyline, innovative special effects, and thrilling action sequences will keep you on the edge of your seat!"
KBExp,"The movie 'Avengers: Infinity War' is recommended to you because you want to watch an Action movie, starring Elizabeth Olsen and Samuel L. Jackson.","We see that you enjoy action movies and appreciate the talents of Elizabeth Olsen and Samuel L. Jackson, which is why we think you'll love ""Avengers: Infinity War"". This epic superhero film brings together some of your favorite characters in an thrilling adventure filled with heart-pumping action sequences and compelling storylines."
FBExp,"The movie 'Fried Green Tomatoes (1991)' is recommended to you because you like Drama, Crime, Comedy genres, and the movie 'Fried Green Tomatoes (1991)' is similar to the ones you liked before.","We noticed you enjoy a variety of film genres, from Crime and Fantasy to Romance and Mystery. That's why we think you'll appreciate Fried Green Tomatoes (1991)! This movie offers a unique blend of Comedy, Crime, and Drama that will keep you engaged and entertained. Its lighthearted tone and captivating storyline make it a great fit for your diverse tastes."
IBExp,"Based on your movie ratings for 'Die Hard (1988)', 'Usual Suspects, The (1995)', and 'Mulan (1998)', the movie 'Dr. Strangelove or: How I Learned to Stop Worrying and Love the Bomb (1964)' is recommended to you because other users with similar preferences rated it positively.","We believe you'll enjoy ""Dr. Strangelove or: How I Learned to Stop Worrying and Love the Bomb"" due to its satirical humor, thought-provoking themes, and critically acclaimed performances - all of which align with your preferred movie genres and ratings from other users with similar tastes."
FBExp,"The movie 'Double Dragon (1994)' is recommended to you because you like Science Fiction, Adventure, Action genres, and the movie 'Double Dragon (1994)' is similar to the ones you liked before.","We noticed that you enjoy a variety of film genres such as Fantasy, Action, Romance, Science Fiction, Thriller, and Adventure. That's why we think you'll love Double Dragon (1994)! This movie combines Action and Adventure elements with a touch of Science Fiction, making it a great fit for your viewing preferences. With its fast-paced action sequences and thrilling plot, Double Dragon will keep you on the edge of your seat from start to finish."
KBExp,"The movie 'Okja' is recommended to you because you want to watch an Adventure and Drama movie, directed by Bong Joon-ho.","We believe you'll enjoy ""Okja"" due to its blend of adventure and drama, which aligns with your preferred genres. Additionally, the film's direction by Bong Joon-ho, whose previous works you may have enjoyed, ensures a thought-provoking and engaging cinematic experience."
IBExp,"Based on your movie ratings for 'Star Wars: Episode III - Revenge of the Sith (2005)', 'Spider-Man 3 (2007)', and 'Raiders of the Lost Ark (Indiana Jones and the Raiders of the Lost Ark) (1981)', the movie 'Philadelphia Story, The (1940)' is recommended to you because other users with similar preferences rated it positively.","Hey there! We noticed you enjoy classic movies with timeless themes and strong performances. That's why we think you'll love ""The Philadelphia Story"" - it features iconic actors Cary Grant and Katharine Hepburn delivering witty dialogue and nuanced portrayals in a tale of love, family, and social status. Other users with similar tastes have highly rated this film, so we reckon it's a great match for you too!"
FBExp,"The movie 'Sneakers (1992)' is recommended to you because you like Crime, Action, Drama, Science Fiction, Comedy genres, and the movie 'Sneakers (1992)' is similar to the ones you liked before.","We recommend ""Sneakers"" (1992) because it perfectly blends multiple genres that you enjoy - action, comedy, crime, drama, science fiction, and adventure. This film offers an exciting mix of suspenseful moments, witty humor, and thought-provoking themes, making it a great fit for your diverse tastes."
KBExp,"The movie 'Avengers: Infinity War' is recommended to you because you want to watch an Adventure and Action movie, starring Robert Downey Jr. and Scarlett Johansson.","We see that you enjoy adventure and action movies, and you're a fan of Robert Downey Jr. and Scarlett Johansson. That's why we think you'll love ""Avengers: Infinity War""! This epic superhero flick brings together some of your favorite actors in an action-packed, thrilling ride that will keep you on the edge of your seat. With its blend of humor, drama, and heart-pumping action, this movie is sure to satisfy your cravings for excitement and entertainment."
FBExp,"The movie 'Day the Earth Stood Still, The (2008)' is recommended to you because you like Thriller, Drama, Science Fiction, IMAX genres, and the movie 'Day the Earth Stood Still, The (2008)' is similar to the ones you liked before.","We noticed that you enjoy a variety of film genres, including Action, Romance, and Thriller. That's why we think you'll appreciate ""The Day the Earth Stood Still"" - it combines elements of Drama, Science Fiction, and Thriller to create a captivating story with plenty of suspense and excitement. Plus, its stunning IMAX visuals will transport you into the world of the film."
IBExp,"Based on your movie ratings for 'Lord of the Rings: The Fellowship of the Ring, The (2001)', 'Kill Bill: Vol. 1 (2003)', 'Zombieland (2009)', and 'Movie 43 (2013)', the movie 'Life Is Beautiful (La Vita è bella) (1997)' is recommended to you because other users with similar preferences rated it positively.","Hey there, fellow movie lover! We've got a great recommendation for you based on your viewing habits. Life Is Beautiful (La Vita è bella) from 1997 has been highly rated by users with similar tastes to yours, so we think you'll enjoy it too! This heartwarming and thought-provoking film tells a powerful story of love, hope, and resilience that will leave you feeling uplifted and inspired. Give it a try and let us know what you think!"
KBExp,"The movie 'Passengers' is recommended to you because you want to watch a Romance and Science Fiction movie, starring Jennifer Lawrence.","Hey there! We noticed that you enjoy romantic science fiction movies with talented leads, just like Jennifer Lawrence in Passengers. This film combines these elements and features her as the main star, making it a great fit for your viewing preferences!"
KBExp,"The movie 'The BFG' is recommended to you because you want to watch a Fantasy movie, directed by Steven Spielberg.","We believe you'll enjoy ""The BFG"" due to its fantastical elements and the masterful direction of Steven Spielberg, both of which align with your preferences. This film's imaginative storytelling and stunning visuals will transport you into a magical world that will captivate and delight you."
FBExp,"The movie 'Pulse (2006)' is recommended to you because you like Fantasy, Action, Drama, Science Fiction, Mystery, Thriller, Horror genres, and the movie 'Pulse (2006)' is similar to the ones you liked before.","We noticed that you enjoy a variety of film genres, including fantasy, action, romance, drama, science fiction, mystery, war, thriller, and horror. That's why we think you'll appreciate ""Pulse"" (2006), which combines elements from several of these genres for a captivating and suspenseful experience. This movie offers plenty of heart-pumping action, eerie mysteries, and spine-tingling horror, making it a great fit for your diverse tastes."
IBExp,"Based on your movie ratings for 'Pulp Fiction (1994)', 'Fight Club (1999)', and 'Batman Begins (2005)', the movie 'Shawshank Redemption, The (1994)' is recommended to you because other users with similar preferences rated it positively.","Hey there! We noticed you enjoyed movies with deep storytelling and strong character development. That's why we think you'll love ""The Shawshank Redemption"" - it's a highly-rated drama that has been praised for its powerful performances, thoughtful direction, and emotional resonance. Many of our users with similar tastes have given it glowing reviews, so we think it's a great match for you too!"
IBExp,"Based on your movie ratings for 'Shutter Island (2010)', 'John Wick (2014)', and 'Inglourious Basterds (2009)', the movie 'Shawshank Redemption, The (1994)' is recommended to you because other users with similar preferences rated it positively.","Hey there! We noticed you enjoyed movies with deep storytelling and strong character development. That's why we think you'll love ""The Shawshank Redemption"" - it's a highly-rated drama that has been praised for its powerful performances, thoughtful direction, and emotional resonance. Many of our users with similar tastes have given it glowing reviews, so we think it's a great match for you too!"
KBExp,"The movie 'Dunkirk' is recommended to you because you want to watch a War and Drama movie, directed by Christopher Nolan, starring Cillian Murphy.","We believe you will enjoy ""Dunkirk"" due to its strong overlaps with your preferences. As a war drama directed by Christopher Nolan and starring Cillian Murphy, this film offers a gripping and emotionally charged experience that aligns well with your tastes."
KBExp,"The movie 'Deadpool 2' is recommended to you because you want to watch an Action, Comedy, and Adventure movie, starring Brad Pitt.","Hey there! We noticed you're into some great stuff! Based on your preferences, we think you'll love ""Deadpool 2"" - it's got all the action, comedy, and adventure you crave, plus Brad Pitt steals the show! It's a hilarious ride that'll keep you entertained from start to finish. Give it a try and let us know what you think!"
FBExp,"The movie 'What Happened Was... (1994)' is recommended to you because you like Thriller, Drama, Comedy, Romance genres, and the movie 'What Happened Was... (1994)' is similar to the ones you liked before.","We noticed that you enjoy a variety of film genres such as Romance, Drama, Musical, Comedy, and Thriller. That's why we think you'll appreciate ""What Happened Was..."" (1994), which combines elements of Comedy, Drama, Romance, and Thriller into one captivating story. This movie offers a unique blend of humor, heartwarming moments, and suspenseful plot twists that should keep you engaged from start to finish."
KBExp,"The movie 'Avengers: Infinity War' is recommended to you because you want to watch an Action and Science Fiction movie, starring Benedict Cumberbatch.","We see that you enjoy action-packed science fiction films with talented actors like Benedict Cumberbatch, and that's exactly what Avengers: Infinity War delivers! With its epic scope, thrilling battles, and star-studded cast, including Cumberbatch as Doctor Strange, this movie is sure to satisfy your preferences and leave you on the edge of your seat."
FBExp,"The movie 'Aelita: The Queen of Mars (Aelita) (1924)' is recommended to you because you like Fantasy, Action, Romance, Drama, Science Fiction, Thriller, Adventure genres, and the movie 'Aelita: The Queen of Mars (Aelita) (1924)' is similar to the ones you liked before.","We recommend ""Aelita: The Queen of Mars"" as it perfectly aligns with your preferred genres, offering a thrilling blend of action, adventure, drama, fantasy, romance, science fiction, and thriller elements. This classic sci-fi film will transport you to a captivating world of interplanetary love and revolution, making it an ideal choice for fans of the genre."
IBExp,"Based on your movie ratings for 'The Hunger Games (2012)', 'Batman Begins (2005)', and 'Lion King, The (1994)', the movie 'Casablanca (1942)' is recommended to you because other users with similar preferences rated it positively.","We believe you'll enjoy ""Casablanca"" due to its timeless themes and universal appeal, which have resonated with many viewers, including those with tastes similar to yours. The film's blend of romance, drama, and historical context has captivated audiences for generations, making it a highly-recommended watch."
IBExp,"Based on your movie ratings for 'Full Metal Jacket (1987)', 'Pacific Rim (2013)', and 'Game, The (1997)', the movie 'Brazil (1985)' is recommended to you because other users with similar preferences rated it positively.","Hey there, fellow film enthusiast! We've got a movie recommendation that's tailored just for you. Based on your viewing history and preferences, we think you'll enjoy ""Brazil"" (1985). Other users with similar tastes to yours have given it high ratings, so we're confident you'll find it a satisfying watch. The film's unique blend of dark humor, satire, and sci-fi elements should strike a chord with your sensibilities. Give it a try and let us know what you think!"
IBExp,"Based on your movie ratings for 'Black Panther (2017)', 'Mission: Impossible - Fallout (2018)', and 'Fast and the Furious: Tokyo Drift, The (Fast and the Furious 3, The) (2006)', the movie 'Shawshank Redemption, The (1994)' is recommended to you because other users with similar preferences rated it positively.","Hey there! We noticed you enjoyed movies with deep storytelling and strong character development. That's why we think you'll love ""The Shawshank Redemption"" - it's a highly-rated drama that has been praised for its powerful performances and thought-provoking themes. Many of our users with similar tastes have given it high marks, so we think it's a great fit for you too!"
FBExp,"The movie 'Buffalo Soldiers (2001)' is recommended to you because you like War, Drama, Crime, Comedy genres, and the movie 'Buffalo Soldiers (2001)' is similar to the ones you liked before.","We noticed that you enjoy a variety of film genres, including comedy, crime, drama, war, and science fiction. That's why we think you'll appreciate ""Buffalo Soldiers"" (2001), which combines elements of all these genres into one unique and engaging story. Set during the Gulf War, this dark comedy follows a group of misfit soldiers who must navigate their way through a series of absurd and dangerous situations. With its witty dialogue, strong performances, and thought-provoking themes, this film is sure to keep you entertained and satisfied."
FBExp,"The movie 'Harry Potter and the Deathly Hallows: Part 2 (2011)' is recommended to you because you like Fantasy, Action, IMAX, Drama, Mystery, Adventure genres, and the movie 'Harry Potter and the Deathly Hallows: Part 2 (2011)' is similar to the ones you liked before.","We recommend ""Harry Potter and the Deathly Hallows: Part 2"" because it combines multiple genres you enjoy, including action, adventure, drama, fantasy, mystery, and thriller. This epic conclusion to the beloved franchise offers an immersive IMAX experience with plenty of suspenseful moments and heartwarming scenes that will keep you on the edge of your seat."
KBExp,"The movie 'Logan Lucky' is recommended to you because you want to watch an Action movie, starring Daniel Craig.","We see that you enjoy action movies and appreciate the work of Daniel Craig, which is why we think you'll love ""Logan Lucky""! This film delivers plenty of high-octane action sequences and features Craig in a memorable performance, making it a perfect fit for your viewing preferences."
KBExp,"The movie 'Avengers: Infinity War' is recommended to you because you want to watch an Action movie, starring Robert Downey Jr. and Samuel L. Jackson.","We see that you enjoy action movies and appreciate the talents of Robert Downey Jr. and Samuel L. Jackson, which is why we think you'll love ""Avengers: Infinity War"". This epic superhero film brings together some of your favorite characters in an explosive battle against a powerful villain, delivering non-stop action and thrilling moments that will keep you on the edge of your seat."
IBExp,"Based on your movie ratings for 'Harry Potter and the Deathly Hallows: Part 1 (2010)', 'Avatar (2009)', and 'Maze Runner, The (2014)', the movie 'Shawshank Redemption, The (1994)' is recommended to you because other users with similar preferences rated it positively.","Hey there! We noticed you enjoyed movies with deep storytelling and strong character development. That's why we think you'll love ""The Shawshank Redemption"" - it's a highly-rated drama that has been praised for its powerful performances, thoughtful direction, and emotional resonance. Many of our users with similar tastes have given it glowing reviews, so we think it's a great match for you too!"
FBExp,"The movie 'RoboCop (2014)' is recommended to you because you like IMAX, Science Fiction, Crime, Action genres, and the movie 'RoboCop (2014)' is similar to the ones you liked before.","We noticed that you enjoy a variety of genres such as Crime, Action, IMAX, Drama, Science Fiction, Mystery, and Thriller. That's why we think you'll love ""RoboCop"" (2014)! This sci-fi action film delivers high-octane thrills with its futuristic setting, intense action sequences, and thought-provoking themes, making it a perfect match for your viewing preferences."
IBExp,"Based on your movie ratings for 'Lord of the Rings: The Fellowship of the Ring, The (2001)', 'Lord of the Rings: The Two Towers, The (2002)', and 'Lord of the Rings: The Return of the King, The (2003)', the movie 'American Beauty (1999)' is recommended to you because other users with similar preferences rated it positively.","Hey there, fellow movie enthusiast! We've got a recommendation that we think you'll really dig - American Beauty from 1999. Based on your viewing history and preferences, we noticed that you enjoy thought-provoking films with complex characters and themes. Well, this Sam Mendes-directed flick delivers just that, with its poignant storyline and outstanding performances from an all-star cast. Give it a watch and let us know what you think!"
KBExp,"The movie 'Spy' is recommended to you because you want to watch an Action, Comedy, and Crime movie, starring Jason Statham.","Hey there! We noticed that you enjoy action-packed comedies with a touch of crime, just like Spy! With its star-studded cast, including Jason Statham, this movie ticks all your preferred boxes. You'll love the thrilling action sequences and the witty humor that will keep you entertained from start to finish. Give it a try and see for yourself!"
FBExp,"The movie 'Black Mask (Hak hap) (1996)' is recommended to you because you like Crime, Action, Science Fiction, Thriller, Adventure genres, and the movie 'Black Mask (Hak hap) (1996)' is similar to the ones you liked before.","We recommend ""Black Mask"" (Hak Hap) (1996) to you due to its diverse blend of action, adventure, crime, science fiction, thriller, and comedy elements that align with your preferred genres. This film offers an exciting mix of martial arts, gunfights, and futuristic technology, making it an enthralling watch for fans of multiple genre."
IBExp,"Based on your movie ratings for 'Lord of the Rings: The Fellowship of the Ring, The (2001)', 'Inception (2010)', 'Interstellar (2014)', and 'My Neighbor Totoro (Tonari no Totoro) (1988)', the movie 'American Beauty (1999)' is recommended to you because other users with similar preferences rated it positively.","Hey there, fellow movie enthusiast! We noticed you're into thought-provoking films that explore complex themes and characters. That's why we think you'll love American Beauty - it's a critically acclaimed drama that delves into the human experience with poignant storytelling and memorable performances. Based on our analysis of user ratings, this movie resonates well with viewers who appreciate introspective cinema. Give it a try and let us know what you think!"
KBExp,"The movie 'The Huntsman: Winter's War' is recommended to you because you want to watch an Action and Adventure movie, starring Liam Neeson.","We recommend ""The Huntsman: Winter's War"" due to its strong overlap with your preferred genres, Action and Adventure, and featuring one of your go-to actors, Liam Neeson. This fantasy adventure film promises thrilling action sequences and epic battles that will keep you on the edge of your seat. With its talented cast and captivating storyline, this movie is sure to deliver an exciting cinematic experience tailored to your tastes."
FBExp,"The movie 'Battlestar Galactica: The Plan (2009)' is recommended to you because you like Drama, Adventure, Action, Science Fiction genres, and the movie 'Battlestar Galactica: The Plan (2009)' is similar to the ones you liked before.","We recommend ""Battlestar Galactica: The Plan"" (2009) to you due to its captivating blend of action, drama, science fiction, thriller, and adventure elements that align with your preferred genres. This animated feature delivers an engaging storyline, stunning visuals, and intense space battles, making it an ideal choice for fans of thought-provoking and visually stunning films."
IBExp,"Based on your movie ratings for 'Batman: The Killing Joke (2016)', 'Fight Club (1999)', and 'SpongeBob SquarePants Movie, The (2004)', the movie 'Dr. Strangelove or: How I Learned to Stop Worrying and Love the Bomb (1964)' is recommended to you because other users with similar preferences rated it positively.","We believe you'll enjoy ""Dr. Strangelove"" due to its witty humor, thought-provoking themes, and critically acclaimed performances - all of which align with your preferred movie genres and styles, based on your past ratings and watch history."
FBExp,"The movie 'Vovka in the Kingdom of Far Far Away (1965)' is recommended to you because you like Adventure, Children, Animation, Fantasy genres, and the movie 'Vovka in the Kingdom of Far Far Away (1965)' is similar to the ones you liked before.","We recommend ""Vovka in the Kingdom of Far Far Away"" (1965) as it perfectly aligns with your preferred genres - Fantasy, Romance, Animation, Comedy, Adventure, and Children. This animated classic offers an enchanting tale of a young girl's journey, featuring magical creatures, royal intrigue, and heartwarming moments that will delight both children and adults."
KBExp,"The movie 'Avengers: Infinity War' is recommended to you because you want to watch a Science Fiction movie, starring Tom Holland.","We see that you enjoy science fiction movies and are a fan of actor Tom Holland, so we recommend ""Avengers: Infinity War""! This action-packed film combines your preferred genre with the talented actor you admire, making it a perfect fit for your viewing preferences."
FBExp,"The movie 'Transamerica (2005)' is recommended to you because you like Drama, Adventure, Comedy genres, and the movie 'Transamerica (2005)' is similar to the ones you liked before.","Hey there! We noticed you enjoy Drama, Adventure, Action, and Comedy flicks. Well, we've got just the ticket - ""Transamerica"" from 2005! This movie delivers a captivating blend of all four genres, with heartwarming drama, thrilling adventure, laugh-out-loud comedy, and plenty of action to keep you on the edge of your seat. With its well-rounded mix of styles, this film is sure to tickle your fancy and leave you feeling satisfied. Give it a try and let us know what you think!"
